{"metadata":{"asset_id":"be682b74-7ebe-4a26-8d0f-05132a17e0c7","asset_attributes":["notebook"],"name":"Final_assignment","asset_type":"notebook","created_at":"2024-05-08T17:33:49Z","description":"","origin_country":"us","owner_id":"IBMid-695000CHWZ","project_id":"71ad16d2-db84-4c3d-b5a9-264b7825f3f8","size":19968,"tags":["notebook"],"usage":{"last_update_time":1715192086180,"last_updated_at":"2024-05-08T18:14:46Z"}},"entity":{"notebook":{"kernel":{"name":"python3","display_name":"Python 3.10","language":"python"},"originates_from":{"url":"https://cf-courses-data.s3.us.cloud-object-storage.appdomain.cloud/IBMDeveloperSkillsNetwork-PY0220EN-SkillsNetwork/labs/project/Final%20Assignment.ipynb","type":"url"},"runtime":{"environment":"rt231pys2-71ad16d2-db84-4c3d-b5a9-264b7825f3f8"}},"location_definition":{"physical_location_code":"DAL","physical_location_code_assigned_by":"IBMid-695000CHWZ","physical_location_code_rds_id":"c57cb90f-2126-3800-9c9f-9eab82021cdf","physical_location_code_rds_version":"00002024-0422-4162-8931-158748000000_4","physical_location_code_assignment_method":"INFERRED","physical_location_code_added_on":"1715189630903"}},"attachments":[{"id":"9bbf103a-614b-4f5a-ac99-2140a4a344d4","version":2,"asset_type":"notebook","name":"attachment for notebook be682b74-7ebe-4a26-8d0f-05132a17e0c7","description":"attachment for notebook be682b74-7ebe-4a26-8d0f-05132a17e0c7","mime":"application/json","datasource_type":"193a97c1-4475-4a19-b90c-295c4fdc6517","object_key":"notebook/Final_assignment_Qgbh3mida.ipynb","creator_id":"IBMid-695000CHWZ","create_time":1715189630905,"size":19968,"is_remote":false,"is_managed":false,"is_referenced":true,"is_object_key_read_only":false,"is_user_provided_path_key":true,"transfer_complete":true,"is_partitioned":false,"complete_time_ticks":1715189630905,"user_data":{},"test_doc":0,"handle":{"bucket":"pythonfordatascienceproject-donotdelete-pr-gjzyclz1xuycyj","location":"us-south","type":"bluemix_cos","key":"notebook/Final_assignment_Qgbh3mida.ipynb","upload_id":"done","max_part_num":1},"usage":{"access_count":4,"last_accessor_id":"IBMid-695000CHWZ","last_access_time":1715192086176,"last_updater_id":"IBMid-695000CHWZ","last_update_time":1715192086176}}]}
